{"cameraMode":{"drawMode":0,"name":"Shaded","section":"Shading Mode"},"sceneLighting":true,"audioPlay":false,"sceneViewState":{"m_AlwaysRefresh":false,"showFog":true,"showSkybox":true,"showFlares":true,"showImageEffects":true,"showParticleSystems":true,"showVisualEffectGraphs":true,"m_FxEnabled":true},"in2DMode":false,"pivot":{"x":681.0284423828125,"y":564.8316650390625,"z":205.1197509765625},"rotation":{"x":-0.06200714036822319,"y":0.17278032004833222,"z":0.010899064131081105,"w":0.9829444289207459},"size":780.7513427734375,"orthographic":false}