{"cameraMode":{"drawMode":0,"name":"Shaded","section":"Shading Mode"},"sceneLighting":false,"audioPlay":false,"sceneViewState":{"m_AlwaysRefresh":false,"showFog":true,"showSkybox":false,"showFlares":true,"showImageEffects":true,"showParticleSystems":true,"showVisualEffectGraphs":true,"m_FxEnabled":true},"in2DMode":false,"pivot":{"x":19.524110794067384,"y":4.829385280609131,"z":-1.1990658044815064},"rotation":{"x":-0.2506372630596161,"y":-0.05339351296424866,"z":0.014088400639593602,"w":-0.9662511348724365},"size":1.7756118774414063,"orthographic":false}