{"cameraMode":{"drawMode":0,"name":"Shaded","section":"Shading Mode"},"sceneLighting":false,"audioPlay":false,"sceneViewState":{"m_AlwaysRefresh":false,"showFog":false,"showSkybox":false,"showFlares":false,"showImageEffects":false,"showParticleSystems":false,"showVisualEffectGraphs":true,"m_FxEnabled":true},"in2DMode":false,"pivot":{"x":0.16184480488300324,"y":0.12264478206634522,"z":0.07379812002182007},"rotation":{"x":0.1273624300956726,"y":-0.8269919157028198,"z":0.20791856944561006,"w":0.5065860748291016},"size":0.6530057191848755,"orthographic":false}