{"cameraMode":{"drawMode":0,"name":"Shaded","section":"Shading Mode"},"sceneLighting":false,"audioPlay":false,"sceneViewState":{"m_AlwaysRefresh":false,"showFog":false,"showSkybox":false,"showFlares":false,"showImageEffects":false,"showParticleSystems":false,"showVisualEffectGraphs":true,"m_FxEnabled":true},"in2DMode":false,"pivot":{"x":0.17047668993473054,"y":1.1099649667739869,"z":-0.6743000745773315},"rotation":{"x":0.004268941469490528,"y":0.995718240737915,"z":-0.06312291324138642,"w":0.06729713082313538},"size":1.2238056659698487,"orthographic":false}